"title, company, location, link"
RPA - PYTGON / JAVA,Calyx servicios,"Capital Federal, Buenos Aires",https://www.indeed.com/viewjob?jk=a5a64851d549e39f
Support Engineer Jr,Mibucle,"Capital Federal, Buenos Aires",https://www.indeed.com/viewjob?jk=7115a8e07c450ff6
Fullstack,Reklut,"Villa Urquiza, Buenos Aires",https://www.indeed.com/viewjob?jk=8268fda18c149cc2
Especialista de Plataformas,Telecentro S.A.,"Flores, Buenos Aires",https://www.indeed.com/viewjob?jk=ea9d7bb1e6e42670
Google Cloud Dev Ops,DXC,"Buenos Aires, Buenos Aires",https://www.indeed.com/viewjob?jk=dbd9e585d4dc9bdd
ITS Data Scientist,Kimberly-Clark,"Buenos Aires, Buenos Aires",https://www.indeed.com/viewjob?jk=fe34b6e8d329792e
Ingeniero Atención al Cliente Nivel 2,Atentus,"Capital Federal, Buenos Aires",https://www.indeed.com/viewjob?jk=05045e66a5c4ac21
Analista de Riesgo Financiero - Importante Compañía Nacional,Michael Page,"Buenos Aires, Buenos Aires",https://www.indeed.com/viewjob?jk=7d41aa8d90b3eff8
Desarrollador Backend,Sura,"Capital Federal, Buenos Aires",https://www.indeed.com/viewjob?jk=da2e5dda5d6e7115
Busqueda desarrollador Python/Django,PeopleIT,"Capital Federal, Buenos Aires",https://www.indeed.com/viewjob?jk=2aed26d509663f07
Desarrollador SSR Full,Taynes Consultores,"Capital Federal, Buenos Aires",https://www.indeed.com/viewjob?jk=5d1dd98bea6733fc
JS Full Stack Developer,Aerolab,"Capital Federal, Buenos Aires",https://www.indeed.com/viewjob?jk=720ccc8d6fb30302
Desarrollador/a Python Jr.,Aliantec,"Palermo, Buenos Aires",https://www.indeed.com/viewjob?jk=09b1adab58857eb3
FULL stack,AwkBit,"Buenos Aires, Buenos Aires",https://www.indeed.com/viewjob?jk=a2ca82fa93e84054
Senior Security Engineer,One Demand - Consultora RRHH,"Buenos Aires, Buenos Aires",https://www.indeed.com/viewjob?jk=c72b6e9b46c95eec
Analista Ssr BI,Swiss Medical Group,"Capital Federal, Buenos Aires",https://www.indeed.com/viewjob?jk=5c4a9966250a4383
Data Scientist,InvertirOnline,"Capital Federal, Buenos Aires",https://www.indeed.com/viewjob?jk=f2ae247d309597e8
PL SQL/ Python Developer Ssr,IBM,"Capital Federal, Buenos Aires",https://www.indeed.com/viewjob?jk=bb3ea46a727a5d9f
Analista de Campaña,Hipotecario Seguros,"Capital Federal, Buenos Aires",https://www.indeed.com/viewjob?jk=58a36fa0808faf5c
Python Developer Team Leader,T-MOB,"Parque Patricios, Buenos Aires",https://www.indeed.com/viewjob?jk=3b43171e6f62453c
QA Automation,SecureAuth,"Buenos Aires, Buenos Aires",https://www.indeed.com/viewjob?jk=88ed81cd22fd2f9b
Technical Lead,DIRECTV,"Buenos Aires, Buenos Aires",https://www.indeed.com/viewjob?jk=dc144686a10a0af6
Responsable de Workforce Management & Reporting SL,NovaSearch,"Microcentro, Buenos Aires",https://www.indeed.com/viewjob?jk=e2ade65d992593e4
Senior SAP Cloud Architect,Amazon Web Services Argentina,"Buenos Aires, Buenos Aires",https://www.indeed.com/viewjob?jk=9d788c349dca016b
Sr. Software Engineer (Backend | Devops),MDL Consultora,"Buenos Aires, Buenos Aires",https://www.indeed.com/viewjob?jk=5b7cf715df48c01c
Operations Engineer,Rappi,"Buenos Aires, Buenos Aires",https://www.indeed.com/viewjob?jk=6b6e762cabbc61c6
Associate Data Engineer,VirginPulse,"Buenos Aires, Buenos Aires",https://www.indeed.com/viewjob?jk=a6a289afc6780a71
Desarrollador Web Python & Django,Reclutar,"Capital Federal, Buenos Aires",https://www.indeed.com/viewjob?jk=12f362aa76090c45
Frontend VueJs Developer,Mibucle,"Capital Federal, Buenos Aires",https://www.indeed.com/viewjob?jk=b62262c89a52c97e
Desarrollador Full Stack,Publicis One,"Capital Federal, Buenos Aires",https://www.indeed.com/viewjob?jk=a770e70f26921843
Backend PHP Developer,Mibucle,"Capital Federal, Buenos Aires",https://www.indeed.com/viewjob?jk=cec01d22142d9247
